[
	{
		"number":"4111111111111111",
		"expiry":"12/25",
		"cvv":"123",
		"name":"JOHN DOE",
		"bank":"Bank of HackerLand"
	},
	{
		"number":"5226731818797544",
		"expiry":"06/27",
		"cvv":"342",
		"name":"ALEX SMITH",
		"bank":"HackerBank"
	},
	{
		"number":"5555555555554444",
		"expiry":"11/24",
		"cvv":"646",
		"name":"BOB CHARLIE",
		"bank":"HackerBank"
	},
	{
		"number":"3782822463100055",
		"expiry":"07/30",
		"cvv":"874",
		"name":"CHARLIE BROWN",
		"bank":"Bank of HackerLand"
	},
	{
		"number":"6011111111111117",
		"expiry":"03/21",
		"cvv":"876",
		"name":"DAKOTA JAMES",
		"bank":"HackerBank"
	},
	{
		"number":"3530111333300000",
		"expiry":"01/24",
		"cvv":"324",
		"name":"JANE SMITH",
		"bank":"Bank of HackerLand"
	}
]